{"cameraMode":{"drawMode":0,"name":"Shaded","section":"Shading Mode"},"sceneLighting":true,"audioPlay":false,"sceneViewState":{"showFog":false,"showMaterialUpdate":false,"showSkybox":false,"showFlares":false,"showImageEffects":false,"showParticleSystems":false},"in2DMode":false,"pivot":{"x":-2.0541915893554689,"y":0.1657428741455078,"z":-5.762514114379883},"rotation":{"x":-0.2564772665500641,"y":0.5581840872764587,"z":-0.1899408996105194,"w":-0.7658879160881043},"size":40.85307312011719,"orthographic":false}