{"cameraMode":{"drawMode":0,"name":"Shaded","section":"Shading Mode"},"sceneLighting":false,"audioPlay":false,"sceneViewState":{"showFog":false,"showMaterialUpdate":false,"showSkybox":false,"showFlares":false,"showImageEffects":false,"showParticleSystems":false},"in2DMode":false,"pivot":{"x":-0.43802356719970705,"y":1.3861112594604493,"z":-1.2288017272949219},"rotation":{"x":-0.1845218390226364,"y":0.8154951930046082,"z":-0.3897232711315155,"w":-0.3861127495765686},"size":52.37804412841797,"orthographic":false}